Hotel Name,Location (Island & specific area),Category,Price Range (€ per night),Star Rating,Key Features,Short Description,Detailed Description,Room Types Available,Amenities,Images
Andronis Luxury Suites,"Santorini, Oia",Luxury,600–1500,5,"Private pools, hot tubs, cliffside views",Luxurious suites on Oia's cliffs with world-class dining.,"Suites cascade down the cliffs, with private terraces, caldera views, and premium services.","Suites, Villas","Spa, fine dining, concierge, private pools",https://andronis.com
Mystique Hotel,"Santorini, Oia",Luxury,700–1800,5,"Private infinity pools, Cycladic design",Luxury carved into Santorini's rugged cliffs with Aegean Sea views.,"Adults-only hotel with minimalist Cycladic architecture, offering suites with pools and exceptional cuisine.","Deluxe Rooms, Suites","Infinity pool, fine dining, concierge services",https://mystique.com
Canaves Oia Suites,"Santorini, Oia",Luxury,750–2000,5,"Infinity pool, spa, stunning views",Luxury cave suites offering privacy and exclusivity in Oia.,Elegant cave-style suites featuring private plunge pools and luxurious interiors with uninterrupted caldera views.,"Suites, Villas","Pool, spa, rooftop dining, 24-hour room service",https://canaves.com
Summer Senses Resort,"Paros, Punda",Luxury,300–700,5,"Beach access, spa facilities, dining",A large resort offering top-notch amenities for both relaxation and activities.,"Boasting multiple dining venues, spacious rooms, and direct access to Punda Beach, this hotel provides an excellent base for exploring Paros.","Deluxe Rooms, Family Suites","Spa, fitness center, pools, fine dining",https://summersenses.com
Santa Maria Village,"Milos, Adamas",Boutique,100–250,4,"Pool, garden views, quiet atmosphere",A peaceful retreat near Adamas town with modern decor.,"Nestled in a quiet area, this hotel features a pool, gardens, and easy access to Milos's best attractions.","Superior, Family Rooms","Pool, garden, breakfast, free Wi-Fi",https://booking.com
Verina Astra,"Sifnos, Artemonas",Boutique,250–400,4,"Panoramic views, Cycladic design",A peaceful retreat blending traditional Cycladic architecture with modern comforts.,"Rooms are spacious and airy, with views of the Aegean Sea. The property is perfect for unwinding and enjoying the serenity of Sifnos.","Double Rooms, Suites","Pool, private terraces, yoga classes",https://verinahotels.com
Cavo Tagoo Mykonos,"Mykonos, Chora",Luxury,800–1600,5,"Infinity pool, stylish design, nightlife",Sleek design with excellent proximity to Mykonos Town nightlife.,"Features luxurious suites with private pools, Mediterranean fusion cuisine, and a lively poolside deck with DJ events.","Honeymoon Suites, Villas","Private pools, on-site dining, spa, airport transfers",https://cavotagoo.com
Nissaki Beach Hotel,"Naxos, Agios Georgios",Luxury,200–500,5,"Seaside location, gourmet dining","Located right on Agios Georgios Beach, combining elegance with comfort.",Offers beachfront rooms with modern interiors and premium amenities. The on-site restaurant serves Mediterranean-inspired dishes.,"Beachfront Rooms, Family Suites","Private beach area, on-site restaurant, swimming pool",https://nissaki.com
Archipelagos Hotel,"Mykonos, Kalo Livadi",Boutique,250–500,4,"Beachfront, family-friendly",A stunning boutique hotel overlooking Kalo Livadi Beach.,"A serene retreat offering modern rooms, a swimming pool, and Mediterranean dining options. Ideal for families or couples.","Rooms, Suites","Pool, restaurant, wellness center, kids' activities",https://archipelagos.com
Skinopi Lodge,"Milos, Skinopi",Boutique,300–600,4,"Cliffside location, private villas","A romantic villa retreat overlooking the Aegean Sea, perfect for couples.","Each villa features floor-to-ceiling glass walls, private terraces, and outdoor kitchens. Located near a dramatic cliffside with natural springs.",One-Bedroom Villas,"Private terraces, breakfast delivery, sea access",https://skinopi.com
Hotel 11,Island 5,Mid-range,100–200,4,Example features,Short description for hotel 11.,Detailed description for hotel 11.,"Standard, Deluxe","Wi-Fi, breakfast, pool",https://example.com
Hotel 12,Island 6,Mid-range,100–200,4,Example features,Short description for hotel 12.,Detailed description for hotel 12.,"Standard, Deluxe","Wi-Fi, breakfast, pool",https://example.com
Hotel 13,Island 1,Mid-range,100–200,4,Example features,Short description for hotel 13.,Detailed description for hotel 13.,"Standard, Deluxe","Wi-Fi, breakfast, pool",https://example.com
Hotel 14,Island 2,Mid-range,100–200,4,Example features,Short description for hotel 14.,Detailed description for hotel 14.,"Standard, Deluxe","Wi-Fi, breakfast, pool",https://example.com
Hotel 15,Island 3,Mid-range,100–200,4,Example features,Short description for hotel 15.,Detailed description for hotel 15.,"Standard, Deluxe","Wi-Fi, breakfast, pool",https://example.com
Hotel 16,Island 4,Mid-range,100–200,4,Example features,Short description for hotel 16.,Detailed description for hotel 16.,"Standard, Deluxe","Wi-Fi, breakfast, pool",https://example.com
Hotel 17,Island 5,Mid-range,100–200,4,Example features,Short description for hotel 17.,Detailed description for hotel 17.,"Standard, Deluxe","Wi-Fi, breakfast, pool",https://example.com
Hotel 18,Island 6,Mid-range,100–200,4,Example features,Short description for hotel 18.,Detailed description for hotel 18.,"Standard, Deluxe","Wi-Fi, breakfast, pool",https://example.com
Hotel 19,Island 1,Mid-range,100–200,4,Example features,Short description for hotel 19.,Detailed description for hotel 19.,"Standard, Deluxe","Wi-Fi, breakfast, pool",https://example.com
Hotel 20,Island 2,Mid-range,100–200,4,Example features,Short description for hotel 20.,Detailed description for hotel 20.,"Standard, Deluxe","Wi-Fi, breakfast, pool",https://example.com
Hotel 21,Island 3,Mid-range,100–200,4,Example features,Short description for hotel 21.,Detailed description for hotel 21.,"Standard, Deluxe","Wi-Fi, breakfast, pool",https://example.com
Hotel 22,Island 4,Mid-range,100–200,4,Example features,Short description for hotel 22.,Detailed description for hotel 22.,"Standard, Deluxe","Wi-Fi, breakfast, pool",https://example.com
Hotel 23,Island 5,Mid-range,100–200,4,Example features,Short description for hotel 23.,Detailed description for hotel 23.,"Standard, Deluxe","Wi-Fi, breakfast, pool",https://example.com
Hotel 24,Island 6,Mid-range,100–200,4,Example features,Short description for hotel 24.,Detailed description for hotel 24.,"Standard, Deluxe","Wi-Fi, breakfast, pool",https://example.com
Hotel 25,Island 1,Mid-range,100–200,4,Example features,Short description for hotel 25.,Detailed description for hotel 25.,"Standard, Deluxe","Wi-Fi, breakfast, pool",https://example.com
Hotel 26,Island 2,Mid-range,100–200,4,Example features,Short description for hotel 26.,Detailed description for hotel 26.,"Standard, Deluxe","Wi-Fi, breakfast, pool",https://example.com
Hotel 27,Island 3,Mid-range,100–200,4,Example features,Short description for hotel 27.,Detailed description for hotel 27.,"Standard, Deluxe","Wi-Fi, breakfast, pool",https://example.com
Hotel 28,Island 4,Mid-range,100–200,4,Example features,Short description for hotel 28.,Detailed description for hotel 28.,"Standard, Deluxe","Wi-Fi, breakfast, pool",https://example.com
Hotel 29,Island 5,Mid-range,100–200,4,Example features,Short description for hotel 29.,Detailed description for hotel 29.,"Standard, Deluxe","Wi-Fi, breakfast, pool",https://example.com
Hotel 30,Island 6,Mid-range,100–200,4,Example features,Short description for hotel 30.,Detailed description for hotel 30.,"Standard, Deluxe","Wi-Fi, breakfast, pool",https://example.com
Hotel 31,Island 1,Mid-range,100–200,4,Example features,Short description for hotel 31.,Detailed description for hotel 31.,"Standard, Deluxe","Wi-Fi, breakfast, pool",https://example.com
Hotel 32,Island 2,Mid-range,100–200,4,Example features,Short description for hotel 32.,Detailed description for hotel 32.,"Standard, Deluxe","Wi-Fi, breakfast, pool",https://example.com
Hotel 33,Island 3,Mid-range,100–200,4,Example features,Short description for hotel 33.,Detailed description for hotel 33.,"Standard, Deluxe","Wi-Fi, breakfast, pool",https://example.com
Hotel 34,Island 4,Mid-range,100–200,4,Example features,Short description for hotel 34.,Detailed description for hotel 34.,"Standard, Deluxe","Wi-Fi, breakfast, pool",https://example.com
Hotel 35,Island 5,Mid-range,100–200,4,Example features,Short description for hotel 35.,Detailed description for hotel 35.,"Standard, Deluxe","Wi-Fi, breakfast, pool",https://example.com
Hotel 36,Island 6,Mid-range,100–200,4,Example features,Short description for hotel 36.,Detailed description for hotel 36.,"Standard, Deluxe","Wi-Fi, breakfast, pool",https://example.com
Hotel 37,Island 1,Mid-range,100–200,4,Example features,Short description for hotel 37.,Detailed description for hotel 37.,"Standard, Deluxe","Wi-Fi, breakfast, pool",https://example.com
Hotel 38,Island 2,Mid-range,100–200,4,Example features,Short description for hotel 38.,Detailed description for hotel 38.,"Standard, Deluxe","Wi-Fi, breakfast, pool",https://example.com
Hotel 39,Island 3,Mid-range,100–200,4,Example features,Short description for hotel 39.,Detailed description for hotel 39.,"Standard, Deluxe","Wi-Fi, breakfast, pool",https://example.com
Hotel 40,Island 4,Mid-range,100–200,4,Example features,Short description for hotel 40.,Detailed description for hotel 40.,"Standard, Deluxe","Wi-Fi, breakfast, pool",https://example.com
Hotel 41,Island 5,Mid-range,100–200,4,Example features,Short description for hotel 41.,Detailed description for hotel 41.,"Standard, Deluxe","Wi-Fi, breakfast, pool",https://example.com
Hotel 42,Island 6,Mid-range,100–200,4,Example features,Short description for hotel 42.,Detailed description for hotel 42.,"Standard, Deluxe","Wi-Fi, breakfast, pool",https://example.com
Hotel 43,Island 1,Mid-range,100–200,4,Example features,Short description for hotel 43.,Detailed description for hotel 43.,"Standard, Deluxe","Wi-Fi, breakfast, pool",https://example.com
Hotel 44,Island 2,Mid-range,100–200,4,Example features,Short description for hotel 44.,Detailed description for hotel 44.,"Standard, Deluxe","Wi-Fi, breakfast, pool",https://example.com
Hotel 45,Island 3,Mid-range,100–200,4,Example features,Short description for hotel 45.,Detailed description for hotel 45.,"Standard, Deluxe","Wi-Fi, breakfast, pool",https://example.com
Hotel 46,Island 4,Mid-range,100–200,4,Example features,Short description for hotel 46.,Detailed description for hotel 46.,"Standard, Deluxe","Wi-Fi, breakfast, pool",https://example.com
Hotel 47,Island 5,Mid-range,100–200,4,Example features,Short description for hotel 47.,Detailed description for hotel 47.,"Standard, Deluxe","Wi-Fi, breakfast, pool",https://example.com
Hotel 48,Island 6,Mid-range,100–200,4,Example features,Short description for hotel 48.,Detailed description for hotel 48.,"Standard, Deluxe","Wi-Fi, breakfast, pool",https://example.com
Hotel 49,Island 1,Mid-range,100–200,4,Example features,Short description for hotel 49.,Detailed description for hotel 49.,"Standard, Deluxe","Wi-Fi, breakfast, pool",https://example.com
Hotel 50,Island 2,Mid-range,100–200,4,Example features,Short description for hotel 50.,Detailed description for hotel 50.,"Standard, Deluxe","Wi-Fi, breakfast, pool",https://example.com
